<?xml version="1.0" encoding="UTF-8"?>
<project-private xmlns="http://www.netbeans.org/ns/project-private/1">
    <editor-bookmarks xmlns="http://www.netbeans.org/ns/editor-bookmarks/2" lastBookmarkId="0"/>
    <open-files xmlns="http://www.netbeans.org/ns/projectui-open-files/2">
        <group>
            <file>file:/C:/Users/PC/Documents/GitHub/PRJ301/Workshop2_se192357/web/searchExams.jsp</file>
            <file>file:/C:/Users/PC/Documents/GitHub/PRJ301/Workshop2_se192357/web/login.jsp</file>
            <file>file:/C:/Users/PC/Documents/GitHub/PRJ301/Workshop2_se192357/web/query.sql</file>
            <file>file:/C:/Users/PC/Documents/GitHub/PRJ301/Workshop2_se192357/web/addExams.jsp</file>
            <file>file:/C:/Users/PC/Documents/GitHub/PRJ301/Workshop2_se192357/web/examDetails.jsp</file>
            <file>file:/C:/Users/PC/Documents/GitHub/PRJ301/Workshop2_se192357/web/addQuestion.jsp</file>
            <file>file:/C:/Users/PC/Documents/GitHub/PRJ301/Workshop2_se192357/web/examResults.jsp</file>
            <file>file:/C:/Users/PC/Documents/GitHub/PRJ301/Workshop2_se192357/web/takeExam.jsp</file>
            <file>file:/C:/Users/PC/Documents/GitHub/PRJ301/Workshop2_se192357/web/dashboard.jsp</file>
            <file>file:/C:/Users/PC/Documents/GitHub/PRJ301/Workshop2_se192357/src/java/controller/controller.java</file>
        </group>
    </open-files>
</project-private>
