CREATE DATABASE Workshop2_SE192357

DROP DATABASE Workshop2_SE192357

use Workshop2_SE192357

go

CREATE TABLE tblUsers (
    username VARCHAR(50) PRIMARY KEY,
    Name VARCHAR(100) NOT NULL,
    password VARCHAR(255) NOT NULL,
    Role VARCHAR(20) NOT NULL CHECK (Role IN ('Instructor', 'Student'))
);

CREATE TABLE tblExamCategories (
    category_id INT PRIMARY KEY,
    category_name VARCHAR(50) NOT NULL,
    description TEXT
);

CREATE TABLE tblExams (
    exam_id INT PRIMARY KEY,
    exam_title VARCHAR(100) NOT NULL,
    Subject VARCHAR(50) NOT NULL,
    category_id INT,
    total_marks INT NOT NULL,
    Duration INT NOT NULL,
    FOREIGN KEY (category_id) REFERENCES tblExamCategories(category_id)
);

CREATE TABLE tblQuestions (
    question_id INT PRIMARY KEY,
    exam_id INT,
    question_text TEXT NOT NULL,
    option_a VARCHAR(100) NOT NULL,
    option_b VARCHAR(100) NOT NULL,
    option_c VARCHAR(100) NOT NULL,
    option_d VARCHAR(100) NOT NULL,
    correct_option CHAR(1) NOT NULL CHECK (correct_option IN ('A', 'B', 'C', 'D')),
    FOREIGN KEY (exam_id) REFERENCES tblExams(exam_id)
);

-- Inserting data into tblUsers
INSERT INTO tblUsers (username, Name, password, Role) VALUES
('teacher1', 'John Doe', 'teacher1', 'Instructor'),
('student1', 'Jane Smith', 'student1', 'Student'),
('student2', 'Mike Brown', 'student2', 'Student'),
('teacher2', 'Sarah Lee', 'teacher2', 'Instructor'),
('student3', 'David Wilson', 'student3', 'Student');


-- Inserting data into tblExamCategories
INSERT INTO tblExamCategories (category_id, category_name, description) VALUES
(1, 'Quiz', 'Short, timed assessment'),
(2, 'Midterm', 'Mid-semester examination'),
(3, 'Final', 'End-of-semester comprehensive exam');



-- Inserting data into tblExams
-- 10 Exams (First 2 for now)
INSERT INTO tblExams (exam_id, exam_title, Subject, category_id, total_marks, Duration) VALUES
(1, 'Math Quiz 1', 'Mathematics', 1, 20, 30),
(2, 'History Midterm', 'History', 2, 50, 60),
(3, 'Science Final', 'Science', 3, 100, 120),
(4, 'Physics Quiz', 'Physics', 1, 25, 45),
(5, 'Chemistry Midterm', 'Chemistry', 2, 60, 75),
(6, 'Biology Final', 'Biology', 3, 90, 100),
(7, 'English Literature Quiz', 'English', 1, 30, 40),
(8, 'Geography Midterm', 'Geography', 2, 40, 50),
(10, 'Art History Final', 'Art History', 3, 80, 110);

-- Inserting data into tblQuestions
-- Questions for Math Quiz 1 (exam_id = 1) - 40 Questions
INSERT INTO tblQuestions (question_id, exam_id, question_text, option_a, option_b, option_c, option_d, correct_option) VALUES
(1, 1, 'What is 2 + 2?', '1', '3', '4', '5', 'C'),
(2, 1, 'What is 5 * 3?', '10', '15', '18', '20', 'B'),
(3, 1, 'Solve for x: x - 7 = 3', '4', '10', '7', '3', 'B'),
(4, 1, 'What is 10 / 2?', '2', '5', '10', '20', 'B'),
(5, 1, 'If a = 4, b = 2, what is a * b?', '2','6','8','10', 'C'),
(6, 1, 'What is the square root of 16?', '2', '4', '8', '16', 'B'),
(7, 1, 'What is 7 * 7?', '14', '49', '77', '7', 'B'),
(8, 1, 'Solve for x: 2x + 5 = 11', '2', '3', '6', '8', 'B'),
(9, 1, 'What is 15% of 100?', '5', '10', '15', '20', 'C'),
(10, 1, 'What is 3 cubed?', '3', '9', '27', '81', 'C'),
(11, 1, 'If a triangle has a base of 6 and a height of 4, what is its area?', '10', '12', '24', '48', 'B'),
(12, 1, 'What is the value of Pi (approximately)?', '3.14', '2.71', '1.62', '4.20', 'A'),
(13, 1, 'What is 20 - 5 * 2?', '30', '20', '10', '0', 'C'),
(14, 1, 'Solve for x: x / 4 = 8', '2', '4', '12', '32', 'D'),
(15, 1, 'What is 1 + 2 + 3 + 4 + 5?', '10', '15', '20', '25', 'B'),
(16, 1, 'What is the square of 9?', '3', '18', '81', '99', 'C'),
(17, 1, 'If x = 5, what is x^2 + 2x?', '35', '45', '25', '10', 'A'),
(18, 1, 'What is 100 / 4?', '10', '20', '25', '40', 'C'),
(19, 1, 'What is 8 * (4 - 2)?', '16', '18', '32', '64', 'A'),
(20, 1, 'Solve for x: 3x - 6 = 9', '1', '3', '5', '7', 'C'),
(21, 1, 'What is 25% of 80?', '10', '20', '40', '60', 'B'),
(22, 1, 'What is the next number in the sequence: 2, 4, 6, 8, ...?', '9', '10', '11', '12', 'B'),
(23, 1, 'If a rectangle has length 10 and width 5, what is its perimeter?', '15', '25', '30', '50', 'C'),
(24, 1, 'What is 6 * 6?', '12', '36', '66', '72', 'B'),
(25, 1, 'Solve for x: 4x + 1 = 17', '3', '4', '5', '6', 'B'),
(26, 1, 'What is the square root of 81?', '3', '9', '27', '81', 'B'),
(27, 1, 'What is 12 * 3?', '15', '24', '36', '48', 'C'),
(28, 1, 'If a = 3 and b = 5, what is 2a + b?', '8', '11', '13', '16', 'B'),
(29, 1, 'What is 50 / 5?', '5', '10', '25', '50', 'B'),
(30, 1, 'What is 2^4 (2 to the power of 4)?', '2', '4', '8', '16', 'D'),
(31, 1, 'Solve for x: x - 10 = -2', '8', '-8', '12', '-12', 'A'),
(32, 1, 'What is 7 * 8?', '15', '56', '63', '72', 'B'),
(33, 1, 'If a circle has a radius of 5, what is its area (approximately)?', '15.7', '31.4', '78.5', '157', 'C'),
(34, 1, 'What is 10% of 200?', '10', '20', '100', '200', 'B'),
(35, 1, 'Solve for x: 5x = 25', '1', '5', '10', '20', 'B'),
(36, 1, 'What is 9 * 9?', '18', '81', '90', '99', 'B'),
(37, 1, 'If y = 2x + 1 and x = 3, what is y?', '4', '5', '7', '9', 'C'),
(38, 1, 'What is 40 / 8?', '4', '5', '8', '10', 'B'),
(39, 1, 'What is the square of 11?', '11', '22', '110', '121', 'D'),
(40, 1, 'What is 3 + 4 * 5?', '35', '23', '17', '12', 'B');


-- Questions for History Midterm (exam_id = 2) - 40 Questions
INSERT INTO tblQuestions (question_id, exam_id, question_text, option_a, option_b, option_c, option_d, correct_option) VALUES
(41, 2, 'Who was the first president of the United States?', 'John Adams', 'George Washington', 'Thomas Jefferson', 'James Madison', 'B'),
(42, 2, 'In which year did World War II end?', '1943', '1944', '1945', '1946', 'C'),
(43, 2, 'The Magna Carta was signed in which year?', '1066', '1215', '1492', '1776', 'B'),
(44, 2, 'Who is known as the "Father of the Constitution"?', 'George Washington', 'James Madison', 'Thomas Jefferson', 'Benjamin Franklin', 'B'),
(45, 2, 'The American Civil War took place between which years?', '1850-1855', '1861-1865', '1870-1875', '1880-1885', 'B'),
(46, 2, 'Who painted the Mona Lisa?', 'Vincent van Gogh', 'Leonardo da Vinci', 'Pablo Picasso', 'Michelangelo', 'B'),
(47, 2, 'The French Revolution began in which year?', '1776', '1789', '1799', '1804', 'B'),
(48, 2, 'Who was the leader of the Soviet Union during World War II?', 'Vladimir Lenin', 'Joseph Stalin', 'Leon Trotsky', 'Nikita Khrushchev', 'B'),
(49, 2, 'The Cold War was primarily between which two countries?', 'USA and China', 'USA and USSR', 'UK and France', 'Germany and Japan', 'B'),
(50, 2, 'Which ancient civilization built the pyramids of Giza?', 'Roman', 'Greek', 'Egyptian', 'Mesopotamian', 'C'),
(51, 2, 'Who wrote "The Communist Manifesto"?', 'Karl Marx', 'Friedrich Engels', 'Both A and B', 'Vladimir Lenin', 'C'),
(52, 2, 'The Renaissance began in which country?', 'France', 'Italy', 'England', 'Spain', 'B'),
(53, 2, 'Which explorer is credited with circumnavigating the globe?', 'Christopher Columbus', 'Ferdinand Magellan', 'Vasco da Gama', 'Marco Polo', 'B'),
(54, 2, 'The Declaration of Independence was primarily written by whom?', 'George Washington', 'Thomas Jefferson', 'John Adams', 'Benjamin Franklin', 'B'),
(55, 2, 'Who was the first emperor of Rome?', 'Julius Caesar', 'Augustus', 'Nero', 'Caligula', 'B'),
(56, 2, 'The Battle of Hastings was fought in which year?', '1066', '1215', '1492', '1776', 'A'),
(57, 2, 'Who was the Queen of England during the Spanish Armada?', 'Mary I', 'Elizabeth I', 'Victoria', 'Anne', 'B'),
(58, 2, 'The Berlin Wall fell in which year?', '1985', '1989', '1991', '1993', 'B'),
(59, 2, 'Who discovered penicillin?', 'Alexander Fleming', 'Marie Curie', 'Louis Pasteur', 'Albert Einstein', 'A'),
(60, 2, 'Which war is known as the "Great War"?', 'World War I', 'World War II', 'The Cold War', 'The Vietnam War', 'A'),
(61, 2, 'The Industrial Revolution began in which country?', 'United States', 'France', 'Germany', 'Great Britain', 'D'),
(62, 2, 'Who was the first woman to fly solo across the Atlantic Ocean?', 'Amelia Earhart', 'Bessie Coleman', 'Harriet Quimby', 'Ruth Elder', 'A'),
(63, 2, 'The Ottoman Empire was centered in which modern-day country?', 'Turkey', 'Egypt', 'Iran', 'Greece', 'A'),
(64, 2, 'Which country was the first to give women the right to vote?', 'United States', 'New Zealand', 'United Kingdom', 'Australia', 'B'),
(65, 2, 'Who was the leader of Nazi Germany?', 'Adolf Hitler', 'Benito Mussolini', 'Joseph Stalin', 'Winston Churchill', 'A'),
(66, 2, 'The Treaty of Versailles was signed after which war?', 'World War I', 'World War II', 'Franco-Prussian War', 'Crimean War', 'A'),
(67, 2, 'Who invented the printing press?', 'Johannes Gutenberg', 'Leonardo da Vinci', 'Galileo Galilei', 'Isaac Newton', 'A'),
(68, 2, 'The Hundred Years\ War was fought between which two countries?', 'England and France', 'England and Spain', 'France and Germany', 'England and Italy', 'A'),
(69, 2, 'Who was the first man to walk on the moon?', 'Neil Armstrong', 'Buzz Aldrin', 'Yuri Gagarin', 'John Glenn', 'A'),
(70, 2, 'Which civilization is known for its ancient city of Machu Picchu?', 'Maya', 'Aztec', 'Inca', 'Olmec', 'C'),
(71, 2, 'The Peloponnesian War was fought between which two city-states?', 'Athens and Sparta', 'Rome and Carthage', 'Athens and Thebes', 'Corinth and Sparta', 'A'),
(72, 2, 'Who was Martin Luther King Jr.?', 'A civil rights leader', 'A US president', 'A famous scientist', 'A famous artist', 'A'),
(73, 2, 'Which country colonized India?', 'France', 'Spain', 'Great Britain', 'Portugal', 'C'),
(74, 2, 'The Silk Road was primarily a route for trading which commodity?', 'Silk', 'Gold', 'Spices', 'Tea', 'A'),
(75, 2, 'Who was the first Prime Minister of India?', 'Mahatma Gandhi', 'Jawaharlal Nehru', 'Indira Gandhi', 'Sardar Patel', 'B'),
(76, 2, 'The American Revolution was fought against which country?', 'France', 'Spain', 'Great Britain', 'Germany', 'C'),
(77, 2, 'Which ancient wonder was a massive lighthouse in Egypt?', 'Hanging Gardens of Babylon', 'Statue of Zeus at Olympia', 'Colossus of Rhodes', 'Lighthouse of Alexandria', 'D'),
(78, 2, 'Who is considered the founder of modern nursing?', 'Florence Nightingale', 'Clara Barton', 'Marie Curie', 'Elizabeth Blackwell', 'A'),
(79, 2, 'The Russian Revolution took place in which year?', '1905', '1917', '1923', '1939', 'B'),
(80, 2, 'Who was the leader of the Mongols who created the largest contiguous empire in history?', 'Genghis Khan', 'Kublai Khan', 'Attila the Hun', 'Tamerlane', 'A');

-- Questions for Science Final (exam_id = 3) - 40 Questions
INSERT INTO tblQuestions (question_id, exam_id, question_text, option_a, option_b, option_c, option_d, correct_option) VALUES
(81, 3, 'What is the chemical symbol for water?', 'O2', 'CO2', 'H2O', 'NaCl', 'C'),
(82, 3, 'Which planet is known as the Red Planet?', 'Venus', 'Mars', 'Jupiter', 'Saturn', 'B'),
(83, 3, 'What is the process by which plants make their food?', 'Respiration', 'Photosynthesis', 'Transpiration', 'Digestion', 'B'),
(84, 3, 'What is the largest organ in the human body?', 'Heart', 'Brain', 'Liver', 'Skin', 'D'),
(85, 3, 'What is the chemical symbol for gold?', 'Au', 'Ag', 'Fe', 'Cu', 'A'),
(86, 3, 'Which gas do plants absorb from the atmosphere?', 'Oxygen', 'Carbon Dioxide', 'Nitrogen', 'Hydrogen', 'B'),
(87, 3, 'What is the unit of measurement for force?', 'Newton', 'Joule', 'Watt', 'Pascal', 'B'),
(88, 3, 'What is the speed of light?', '300,000 km/s', '150,000 km/s', '500,000 km/s', '1,000,000 km/s', 'A'),
(89, 3, 'What is the study of the Earths physical structure and substance?', 'Geology', 'Biology', 'Astronomy', 'Meteorology', 'A'),
(90, 3, 'What is the powerhouse of the cell?', 'Nucleus', 'Mitochondria', 'Ribosome', 'Endoplasmic Reticulum', 'B'),
(91, 3, 'Which element is essential for all known forms of life?', 'Carbon', 'Oxygen', 'Hydrogen', 'Nitrogen', 'A'),
(92, 3, 'What is the study of heredity and variation in living organisms?', 'Genetics', 'Ecology', 'Anatomy', 'Physiology', 'A'),
(93, 3, 'What is the chemical symbol for iron?', 'Fe', 'Au', 'Ag', 'Cu', 'A'),
(94, 3, 'What is the process of a liquid turning into a gas?', 'Condensation', 'Evaporation', 'Sublimation', 'Freezing', 'B'),
(95, 3, 'What is the force that pulls objects toward the center of the Earth?', 'Magnetism', 'Gravity', 'Friction', 'Tension', 'B'),
(96, 3, 'Which part of the brain controls balance and coordination?', 'Cerebrum', 'Cerebellum', 'Medulla Oblongata', 'Thalamus', 'B'),
(97, 3, 'What is the chemical symbol for sodium?', 'Na', 'K', 'Cl', 'Ca', 'A'),
(98, 3, 'What is the study of the universe and its celestial bodies?', 'Astronomy', 'Geology', 'Biology', 'Meteorology', 'A'),
(99, 3, 'What is the process of a solid turning directly into a gas?', 'Sublimation', 'Evaporation', 'Condensation', 'Melting', 'A'),
(100, 3, 'Which blood type is known as the universal donor?', 'A', 'B', 'AB', 'O', 'D'),
(101, 3, 'What is the chemical formula for table salt?', 'NaCl', 'H2O', 'CO2', 'O2', 'A'),
(102, 3, 'Which planet is closest to the sun?', 'Mercury', 'Venus', 'Earth', 'Mars', 'A'),
(103, 3, 'What is the function of the lungs?', 'Pump blood', 'Digest food', 'Exchange gases', 'Filter blood', 'C'),
(104, 3, 'What is the chemical symbol for oxygen?', 'O', 'O2', 'H2O', 'CO2', 'B'),
(105, 3, 'Which layer of the Earth is liquid?', 'Crust', 'Mantle', 'Outer Core', 'Inner Core', 'C'),
(106, 3, 'What is the study of animals?', 'Zoology', 'Botany', 'Microbiology', 'Ecology', 'A'),
(107, 3, 'What is the process of a gas turning into a liquid?', 'Evaporation', 'Condensation', 'Sublimation', 'Freezing', 'B'),
(108, 3, 'Which gas makes up the majority of Earths atmosphere?', 'Oxygen', 'Carbon Dioxide', 'Nitrogen', 'Argon', 'C'),
(109, 3, 'What is the smallest unit of matter?', 'Atom', 'Molecule', 'Cell', 'Organ', 'A'),
(110, 3, 'What is the study of the weather?', 'Meteorology', 'Geology', 'Astronomy', 'Oceanography', 'A'),
(111, 3, 'What is the chemical symbol for potassium?', 'K', 'P', 'Na', 'Ca', 'A'),
(112, 3, 'What is the process by which plants release water vapor?', 'Transpiration', 'Photosynthesis', 'Respiration', 'Germination', 'A'),
(113, 3, 'Which type of rock is formed from cooled magma or lava?', 'Sedimentary', 'Metamorphic', 'Igneous', 'Chemical', 'C'),
(114, 3, 'What is the function of the kidneys?', 'Pump blood', 'Digest food', 'Exchange gases', 'Filter blood', 'D'),
(115, 3, 'What is the chemical symbol for silver?', 'Ag', 'Au', 'Fe', 'Cu', 'A'),
(116, 3, 'What is the study of fungi?', 'Mycology', 'Virology', 'Bacteriology', 'Botany', 'A'),
(117, 3, 'What is the process of a solid turning into a liquid?', 'Melting', 'Freezing', 'Evaporation', 'Condensation', 'A'),
(118, 3, 'Which part of a plant absorbs water and nutrients from the soil?', 'Roots', 'Stems', 'Leaves', 'Flowers', 'A'),
(119, 3, 'What is the chemical symbol for calcium?', 'Ca', 'C', 'K', 'Na', 'A'),
(120, 3, 'What is the study of the environment and the relationships of organisms to their environment?', 'Ecology', 'Genetics', 'Anatomy', 'Physiology', 'A');

-- Questions for Physics Quiz (exam_id = 4) - 40 Questions
INSERT INTO tblQuestions (question_id, exam_id, question_text, option_a, option_b, option_c, option_d, correct_option) VALUES
(121, 4, 'What is the SI unit of force?', 'Joule', 'Newton', 'Watt', 'Pascal', 'B'),
(122, 4, 'Which law states that for every action, there is an equal and opposite reaction?', 'Newton''s First Law', 'Newton''s Second Law', 'Newton''s Third Law', 'Law of Universal Gravitation', 'C'),
(123, 4, 'What is the formula for kinetic energy?', 'KE = mv^2', 'KE = 1/2mv^2', 'KE = mgh', 'KE = Fd', 'B'),
(124, 4, 'What is the speed of sound in air (approximately)?', '343 m/s', '150 m/s', '500 m/s', '1000 m/s', 'A'),
(125, 4, 'Which type of energy is associated with an objects position?', 'Kinetic Energy', 'Potential Energy', 'Thermal Energy', 'Chemical Energy', 'B'),
(126, 4, 'What is the law of conservation of energy?', 'Energy cannot be created or destroyed', 'Energy can be created but not destroyed', 'Energy can be destroyed but not created', 'Energy can be both created and destroyed', 'A'),
(127, 4, 'What is the SI unit of work?', 'Joule', 'Newton', 'Watt', 'Pascal', 'A'),
(128, 4, 'What is the formula for power?', 'P = W/t', 'P = Fv', 'Both A and B', 'P = ma', 'C'),
(129, 4, 'What is the SI unit of electric charge?', 'Coulomb', 'Volt', 'Ampere', 'Ohm', 'A'),
(130, 4, 'Which law describes the relationship between voltage, current, and resistance?', 'Ohms Law', 'Faradays Law', 'Amperes Law', 'Coulombs Law', 'A'),
(131, 4, 'What is the formula for gravitational potential energy?', 'PE = mgh', 'PE = 1/2mv^2', 'PE = Fd', 'PE = ma', 'A'),
(132, 4, 'What is the SI unit of frequency?', 'Hertz', 'Second', 'Meter', 'Kilogram', 'A'),
(133, 4, 'What is the phenomenon of light bending as it passes from one medium to another?', 'Reflection', 'Refraction', 'Diffraction', 'Interference', 'B'),
(134, 4, 'What is the SI unit of momentum?', 'kg m/s', 'N', 'J', 'W', 'A'),
(135, 4, 'What is the formula for momentum?', 'p = mv', 'p = ma', 'p = Fd', 'p = W/t', 'A'),
(136, 4, 'What is the SI unit of pressure?', 'Pascal', 'Newton', 'Joule', 'Watt', 'A'),
(137, 4, 'What is the relationship between pressure and volume for an ideal gas at constant temperature?', 'Boyles Law', 'Charless Law', 'Gay-Lussacs Law', 'Avogadros Law', 'A'),
(138, 4, 'What is the SI unit of temperature?', 'Kelvin', 'Celsius', 'Fahrenheit', 'Rankine', 'A'),
(139, 4, 'What is the process of heat transfer through direct contact?', 'Conduction', 'Convection', 'Radiation', 'Evaporation', 'A'),
(140, 4, 'What is the process of heat transfer through the movement of fluids?', 'Conduction', 'Convection', 'Radiation', 'Evaporation', 'B'),
(141, 4, 'What is the SI unit of electric current?', 'Ampere', 'Volt', 'Ohm', 'Coulomb', 'A'),
(142, 4, 'What is the SI unit of electric potential difference?', 'Volt', 'Ampere', 'Ohm', 'Coulomb', 'A'),
(143, 4, 'What is the SI unit of resistance?', 'Ohm', 'Volt', 'Ampere', 'Coulomb', 'A'),
(144, 4, 'What is the formula for electric power?', 'P = IV', 'P = I^2R', 'P = V^2/R', 'All of the above', 'D'),
(145, 4, 'What is the magnetic field around a current-carrying wire?', 'Circular', 'Straight', 'Square', 'Random', 'A'),
(146, 4, 'What is the SI unit of magnetic field strength?', 'Tesla', 'Weber', 'Gauss', 'Oersted', 'A'),
(147, 4, 'What is the process of generating an electric current by changing the magnetic field?', 'Electromagnetic Induction', 'Electrolysis', 'Electroplating', 'Electrostatic Discharge', 'A'),
(148, 4, 'Which type of electromagnetic wave has the longest wavelength?', 'Radio waves', 'Microwaves', 'Infrared', 'Visible light', 'A'),
(149, 4, 'Which type of electromagnetic wave has the highest frequency?', 'Gamma rays', 'X-rays', 'Ultraviolet', 'Visible light', 'A'),
(150, 4, 'What is the speed of light in a vacuum?', '3 x 10^8 m/s', '3 x 10^5 m/s', '3 x 10^6 m/s', '3 x 10^7 m/s', 'A'),
(151, 4, 'What is the formula for the force between two charges?', 'Coulombs Law', 'Ohms Law', 'Faradays Law', 'Amperes Law', 'A'),
(152, 4, 'What is the SI unit of capacitance?', 'Farad', 'Henry', 'Tesla', 'Weber', 'A'),
(153, 4, 'What is the SI unit of inductance?', 'Henry', 'Farad', 'Tesla', 'Weber', 'A'),
(154, 4, 'What is the formula for the energy stored in a capacitor?', 'E = 1/2CV^2', 'E = CV', 'E = 1/2QV', 'E = QV', 'A'),
(155, 4, 'What is the formula for the energy stored in an inductor?', 'E = 1/2LI^2', 'E = LI', 'E = 1/2QV', 'E = QV', 'A'),
(156, 4, 'What is the relationship between frequency and wavelength for electromagnetic waves?', 'c = fλ', 'f = cλ', 'λ = cf', 'c = f/λ', 'A'),
(157, 4, 'What is the phenomenon of light spreading out as it passes through a narrow opening?', 'Diffraction', 'Reflection', 'Refraction', 'Interference', 'A'),
(158, 4, 'What is the phenomenon of two or more waves combining to form a resultant wave?', 'Interference', 'Reflection', 'Refraction', 'Diffraction', 'A'),
(159, 4, 'What is the SI unit of energy?', 'Joule', 'Watt', 'Newton', 'Pascal', 'A'),
(160, 4, 'What is the formula for work?', 'W = Fd', 'W = ma', 'W = mv', 'W = 1/2mv^2', 'A');


-- Questions for Chemistry Midterm (exam_id = 5) - 40 Questions
INSERT INTO tblQuestions (question_id, exam_id, question_text, option_a, option_b, option_c, option_d, correct_option) VALUES
(161, 5, 'What is the atomic number of Carbon?', '4', '6', '12', '14', 'B'),
(162, 5, 'What does pH measure?', 'Pressure', 'Temperature', 'Acidity/Basicity', 'Conductivity','C'),
(163, 5, 'What is the chemical symbol for table salt?', 'NaCl', 'H2O', 'CO2', 'O2', 'A'),
(164, 5, 'What is the most abundant gas in Earths atmosphere?', 'Oxygen', 'Nitrogen', 'Carbon Dioxide', 'Hydrogen', 'B'),
(165, 5, 'What type of bond is formed when atoms share electrons?', 'Ionic', 'Covalent', 'Metallic', 'Hydrogen', 'B'),
(166, 5, 'What is the chemical formula for water?', 'H2O', 'CO2', 'NaCl', 'O2', 'A'),
(167, 5, 'What is the chemical symbol for gold?', 'Au', 'Ag', 'Fe', 'Cu', 'A'),
(168, 5, 'What is the chemical symbol for silver?', 'Ag', 'Au', 'Fe', 'Cu', 'A'),
(169, 5, 'What is the chemical symbol for iron?', 'Fe', 'Au', 'Ag', 'Cu', 'A'),
(170, 5, 'What is a substance that increases the rate of a chemical reaction?', 'Catalyst', 'Inhibitor', 'Reactant', 'Product', 'A'),
(171, 5, 'What is the process of a solid turning into a gas without passing through the liquid phase?', 'Sublimation', 'Evaporation', 'Condensation', 'Melting', 'A'),
(172, 5, 'What is the process of a gas turning into a solid without passing through the liquid phase?', 'Deposition', 'Sublimation', 'Condensation', 'Freezing', 'A'),
(173, 5, 'What is the chemical symbol for oxygen?', 'O', 'O2', 'H2O', 'CO2', 'B'),
(174, 5, 'What is the chemical symbol for hydrogen?', 'H', 'H2', 'H2O', 'He', 'B'),
(175, 5, 'What is the chemical symbol for nitrogen?', 'N', 'N2', 'H2O', 'CO2', 'B'),
(176, 5, 'What is the charge of a proton?', 'Positive', 'Negative', 'Neutral', 'Variable', 'A'),
(177, 5, 'What is the charge of an electron?', 'Positive', 'Negative', 'Neutral', 'Variable', 'B'),
(178, 5, 'What is the charge of a neutron?', 'Positive', 'Negative', 'Neutral', 'Variable', 'C'),
(179, 5, 'What is the smallest unit of a chemical compound?', 'Atom', 'Molecule', 'Ion', 'Element', 'B'),
(180, 5, 'What is a solution with a pH less than 7?', 'Acidic', 'Basic', 'Neutral', 'Alkaline', 'A'),
(181, 5, 'What is a solution with a pH greater than 7?', 'Acidic', 'Basic', 'Neutral', 'Alkaline', 'B'),
(182, 5, 'What is a solution with a pH of 7?', 'Acidic', 'Basic', 'Neutral', 'Alkaline', 'C'),
(183, 5, 'What is the chemical symbol for helium?', 'He', 'H', 'H2', 'Ne', 'A'),
(184, 5, 'What is the chemical symbol for neon?', 'Ne', 'He', 'N', 'Ar', 'A'),
(185, 5, 'What is the chemical symbol for argon?', 'Ar', 'Ag', 'Au', 'Al', 'A'),
(186, 5, 'What is the chemical symbol for potassium?', 'K', 'P', 'Ca', 'Na', 'A'),
(187, 5, 'What is the chemical symbol for calcium?', 'Ca', 'C', 'K', 'Cl', 'A'),
(188, 5, 'What is the chemical symbol for chlorine?', 'Cl', 'C', 'Ca', 'K', 'A'),
(189, 5, 'What is the chemical symbol for copper?', 'Cu', 'Co', 'C', 'Au', 'A'),
(190, 5, 'What is the chemical symbol for zinc?', 'Zn', 'Z', 'Zi', 'Zr', 'A'),
(191, 5, 'What is the chemical symbol for lead?', 'Pb', 'Le', 'Ld', 'Pl', 'A'),
(192, 5, 'What is the chemical symbol for mercury?', 'Hg', 'Mg', 'Mr', 'Me', 'A'),
(193, 5, 'What is a substance that donates protons (H+ ions)?', 'Acid', 'Base', 'Salt', 'Water', 'A'),
(194, 5, 'What is a substance that accepts protons (H+ ions)?', 'Acid', 'Base', 'Salt', 'Water', 'B'),
(195, 5, 'What is a chemical reaction that releases energy?', 'Exothermic', 'Endothermic', 'Isothermic', 'Athermal', 'A'),
(196, 5, 'What is a chemical reaction that absorbs energy?', 'Exothermic', 'Endothermic', 'Isothermic', 'Athermal', 'B'),
(197, 5, 'What is the chemical formula for carbon dioxide?', 'CO2', 'H2O', 'NaCl', 'O2', 'A'),
(198, 5, 'What is the chemical formula for methane?', 'CH4', 'CO2', 'H2O', 'O2', 'A'),
(199, 5, 'What is the chemical formula for glucose?', 'C6H12O6', 'CO2', 'H2O', 'CH4', 'A'),
(200, 5, 'What is the chemical formula for sulfuric acid?', 'H2SO4', 'HCl', 'HNO3', 'NaOH', 'A');

-- Questions for Biology Final (exam_id = 6) - 40 Questions
INSERT INTO tblQuestions (question_id, exam_id, question_text, option_a, option_b, option_c, option_d, correct_option) VALUES
(201, 6, 'What is the basic unit of life?', 'Atom', 'Molecule', 'Cell', 'Organ', 'C'),
(202, 6, 'What is the powerhouse of the cell?', 'Nucleus', 'Mitochondria', 'Ribosome', 'Endoplasmic Reticulum', 'B'),
(203, 6, 'What is the process by which plants make their food?', 'Respiration', 'Photosynthesis', 'Transpiration', 'Digestion', 'B'),
(204, 6, 'What is the largest organ in the human body?', 'Heart', 'Brain', 'Liver', 'Skin', 'D'),
(205, 6, 'Which part of the cell contains the genetic material?', 'Nucleus', 'Mitochondria', 'Cytoplasm', 'Cell Membrane', 'A'),
(206, 6, 'What is the process of cell division that results in two identical daughter cells?', 'Mitosis', 'Meiosis', 'Binary Fission', 'Budding', 'A'),
(207, 6, 'What is the process of cell division that results in four daughter cells with half the number of chromosomes?', 'Mitosis', 'Meiosis', 'Binary Fission', 'Budding', 'B'),
(208, 6, 'What is the study of heredity and variation in living organisms?', 'Genetics', 'Ecology', 'Anatomy', 'Physiology', 'A'),
(209, 6, 'What is the study of the structure of living organisms?', 'Anatomy', 'Physiology', 'Genetics', 'Ecology', 'A'),
(210, 6, 'What is the study of the functions and activities of living organisms?', 'Physiology', 'Anatomy', 'Genetics', 'Ecology', 'A'),
(211, 6, 'What is the study of the interactions of living organisms with each other and their environment?', 'Ecology', 'Genetics', 'Anatomy', 'Physiology', 'A'),
(212, 6, 'What is the green pigment in plants that captures light energy for photosynthesis?', 'Chlorophyll', 'Hemoglobin', 'Melanin', 'Carotene', 'A'),
(213, 6, 'What is the process by which organisms maintain a stable internal environment?', 'Homeostasis', 'Metabolism', 'Evolution', 'Reproduction', 'A'),
(214, 6, 'What is the system in the human body responsible for transporting blood?', 'Circulatory System', 'Respiratory System', 'Digestive System', 'Nervous System', 'A'),
(215, 6, 'What is the system in the human body responsible for gas exchange?', 'Circulatory System', 'Respiratory System', 'Digestive System', 'Nervous System', 'B'),
(216, 6, 'What is the system in the human body responsible for breaking down food?', 'Circulatory System', 'Respiratory System', 'Digestive System', 'Nervous System', 'C'),
(217, 6, 'What is the system in the human body responsible for controlling and coordinating body functions?', 'Circulatory System', 'Respiratory System', 'Digestive System', 'Nervous System', 'D'),
(218, 6, 'Which type of blood cell is responsible for carrying oxygen?', 'Red Blood Cells', 'White Blood Cells', 'Platelets', 'Plasma', 'A'),
(219, 6, 'Which type of blood cell is responsible for fighting infections?', 'Red Blood Cells', 'White Blood Cells', 'Platelets', 'Plasma', 'B'),
(220, 6, 'What are the small, disc-shaped components of blood that help with clotting?', 'Red Blood Cells', 'White Blood Cells', 'Platelets', 'Plasma', 'C'),
(221, 6, 'What is the liquid part of blood?', 'Red Blood Cells', 'White Blood Cells', 'Platelets', 'Plasma', 'D'),
(222, 6, 'What is the main function of the heart?', 'Pump blood', 'Digest food', 'Exchange gases', 'Filter blood', 'A'),
(223, 6, 'What is the main function of the lungs?', 'Pump blood', 'Digest food', 'Exchange gases', 'Filter blood', 'C'),
(224, 6, 'What is the main function of the kidneys?', 'Pump blood', 'Digest food', 'Exchange gases', 'Filter blood', 'D'),
(225, 6, 'What is the main function of the liver?', 'Pump blood', 'Digest food', 'Filter blood and produce bile', 'Exchange Gases', 'C'),
(226, 6, 'What is the main function of the brain?', 'Control and coordinate body functions', 'Pump blood', 'Digest food', 'Exchange gases', 'A'),
(227, 6, 'What is the basic unit of heredity?', 'Gene', 'Chromosome', 'DNA', 'RNA', 'A'),
(228, 6, 'What is the structure that carries genetic information in the form of genes?', 'Chromosome', 'Gene', 'DNA', 'RNA', 'A'),
(229, 6, 'What is the molecule that carries the genetic instructions for all living organisms?', 'DNA', 'RNA', 'Protein', 'Carbohydrate', 'A'),
(230, 6, 'What is the molecule that carries out instructions from DNA and plays a role in protein synthesis?', 'RNA', 'DNA', 'Protein', 'Carbohydrate', 'A'),
(231, 6, 'What is the process by which organisms change over time?', 'Evolution', 'Metabolism', 'Homeostasis', 'Reproduction', 'A'),
(232, 6, 'What is the theory proposed by Charles Darwin that explains how species change over time?', 'Natural Selection', 'Mutation', 'Genetic Drift', 'Gene Flow', 'A'),
(233, 6, 'What is a group of organisms of the same species living in the same area?', 'Population', 'Community', 'Ecosystem', 'Biome', 'A'),
(234, 6, 'What is a group of different populations living together in the same area?', 'Community', 'Population', 'Ecosystem', 'Biome', 'A'),
(235, 6, 'What is a community of living organisms interacting with their physical environment?', 'Ecosystem', 'Population', 'Community', 'Biome', 'A'),
(236, 6, 'What is a large geographic area characterized by specific climate and dominant plant and animal life?', 'Biome', 'Population', 'Community', 'Ecosystem', 'A'),
(237, 6, 'What is the study of microorganisms?', 'Microbiology', 'Zoology', 'Botany', 'Ecology', 'A'),
(238, 6, 'What are single-celled organisms that lack a nucleus?', 'Prokaryotes', 'Eukaryotes', 'Viruses', 'Fungi', 'A'),
(239, 6, 'What are organisms whose cells have a nucleus enclosed within a membrane?', 'Eukaryotes', 'Prokaryotes', 'Viruses', 'Fungi', 'A'),
(240, 6, 'What are infectious agents that can only replicate inside a host cell?', 'Viruses', 'Bacteria', 'Fungi', 'Protozoa', 'A');


-- Questions for English Literature Quiz (exam_id = 7) - 40 Questions
INSERT INTO tblQuestions (question_id, exam_id, question_text, option_a, option_b, option_c, option_d, correct_option) VALUES
(241, 7, 'Who wrote "Romeo and Juliet"?', 'Charles Dickens', 'William Shakespeare', 'Jane Austen', 'Mark Twain', 'B'),
(242, 7, 'Which novel begins with the line "It was the best of times, it was the worst of times"?', 'Pride and Prejudice', 'A Tale of Two Cities', 'Great Expectations', 'Moby Dick', 'B'),
(243, 7, 'Who is the author of "Pride and Prejudice"?', 'Jane Austen', 'Charlotte Brontë', 'Emily Brontë', 'George Eliot', 'A'),
(244, 7, 'What is the name of the main character in "The Catcher in the Rye"?', 'Holden Caulfield', 'Jay Gatsby', 'Atticus Finch', 'Huckleberry Finn', 'A'),
(245, 7, 'Who wrote "To Kill a Mockingbird"?', 'Harper Lee', 'F. Scott Fitzgerald', 'Ernest Hemingway', 'John Steinbeck', 'A'),
(246, 7, 'Which poet wrote "The Raven"?', 'Edgar Allan Poe', 'Robert Frost', 'Walt Whitman', 'Emily Dickinson', 'A'),
(247, 7, 'Who is the author of "1984"?', 'George Orwell', 'Aldous Huxley', 'Ray Bradbury', 'J.R.R. Tolkien', 'A'),
(248, 7, 'What is the name of the main character in "The Great Gatsby"?', 'Jay Gatsby', 'Nick Carraway', 'Tom Buchanan', 'Daisy Buchanan', 'A'),
(249, 7, 'Who wrote "The Lord of the Rings"?', 'J.R.R. Tolkien', 'C.S. Lewis', 'George R.R. Martin', 'J.K. Rowling', 'A'),
(250, 7, 'Which novel features the character Atticus Finch?', 'To Kill a Mockingbird', 'The Great Gatsby', '1984', 'Catcher in the Rye', 'A'),
(251, 7, 'Who wrote "Moby Dick"?', 'Herman Melville', 'Nathaniel Hawthorne', 'Mark Twain', 'Henry David Thoreau', 'A'),
(252, 7, 'What is the name of the protagonist in "Jane Eyre"?', 'Jane Eyre', 'Elizabeth Bennet', 'Catherine Earnshaw', 'Tess Durbeyfield', 'A'),
(253, 7, 'Who is the author of "The Odyssey"?', 'Homer', 'Virgil', 'Sophocles', 'Euripides', 'A'),
(254, 7, 'Which play features the characters Hamlet, Ophelia, and Claudius?', 'Hamlet', 'Macbeth', 'Othello', 'King Lear', 'A'),
(255, 7, 'Who wrote "One Hundred Years of Solitude"?', 'Gabriel García Márquez', 'Jorge Luis Borges', 'Isabel Allende', 'Mario Vargas Llosa', 'A'),
(256, 7, 'What is the name of the main character in "Crime and Punishment"?', 'Raskolnikov', 'Dmitri Karamazov', 'Prince Myshkin', 'Ivan Karamazov', 'A'),
(257, 7, 'Who is the author of "The Hobbit"?', 'J.R.R. Tolkien', 'C.S. Lewis', 'George R.R. Martin', 'J.K. Rowling', 'A'),
(258, 7, 'Which novel is set in the fictional town of Maycomb, Alabama?', 'To Kill a Mockingbird', 'The Great Gatsby', 'The Catcher in the Rye', 'A Tale of Two Cities', 'A'),
(259, 7, 'Who wrote "Brave New World"?', 'Aldous Huxley', 'George Orwell', 'Ray Bradbury', 'Kurt Vonnegut', 'A'),
(260, 7, 'What is the name of the protagonist in "The Adventures of Huckleberry Finn"?', 'Huckleberry Finn', 'Tom Sawyer', 'Jim', 'Widow Douglas', 'A'),
(261, 7, 'Who is the author of "Frankenstein"?', 'Mary Shelley', 'Bram Stoker', 'Edgar Allan Poe', 'H.P. Lovecraft', 'A'),
(262, 7, 'Which poet wrote "The Road Not Taken"?', 'Robert Frost', 'Walt Whitman', 'Emily Dickinson', 'Langston Hughes', 'A'),
(263, 7, 'Who wrote "The Divine Comedy"?', 'Dante Alighieri', 'Geoffrey Chaucer', 'John Milton', 'William Shakespeare', 'A'),
(264, 7, 'What is the name of the main character in "Don Quixote"?', 'Don Quixote', 'Sancho Panza', 'Dulcinea', 'Rocinante', 'A'),
(265, 7, 'Who is the author of "The Picture of Dorian Gray"?', 'Oscar Wilde', 'Edgar Allan Poe', 'Bram Stoker', 'Mary Shelley', 'A'),
(266, 7, 'Which novel features the character Elizabeth Bennet?', 'Pride and Prejudice', 'Jane Eyre', 'Wuthering Heights', 'Sense and Sensibility', 'A'),
(267, 7, 'Who wrote "The Canterbury Tales"?', 'Geoffrey Chaucer', 'William Shakespeare', 'John Milton', 'Dante Alighieri', 'A'),
(268, 7, 'What is the name of the protagonist in "The Old Man and the Sea"?', 'Santiago', 'Manolin', 'The Marlin', 'The Sea', 'A'),
(269, 7, 'Who is the author of "Anna Karenina"?', 'Leo Tolstoy', 'Fyodor Dostoevsky', 'Anton Chekhov', 'Nikolai Gogol', 'A'),
(270, 7, 'Which play features the characters Macbeth and Lady Macbeth?', 'Macbeth', 'Hamlet', 'Othello', 'King Lear', 'A'),
(271, 7, 'Who wrote "Les Misérables"?', 'Victor Hugo', 'Alexandre Dumas', 'Gustave Flaubert', 'Émile Zola', 'A'),
(272, 7, 'What is the name of the main character in "The Stranger"?', 'Meursault', 'Albert Camus', 'Jean-Paul Sartre', 'The Stranger', 'A'),
(273, 7, 'Who is the author of "The Iliad"?', 'Homer', 'Virgil', 'Sophocles', 'Euripides', 'A'),
(274, 7, 'Which novel is set during the Spanish Civil War?', 'For Whom the Bell Tolls', 'The Sun Also Rises', 'A Farewell to Arms', 'The Old Man and the Sea', 'A'),
(275, 7, 'Who wrote "The Grapes of Wrath"?', 'John Steinbeck', 'F. Scott Fitzgerald', 'Ernest Hemingway', 'William Faulkner', 'A'),
(276, 7, 'What is the name of the protagonist in "Heart of Darkness"?', 'Marlow', 'Kurtz', 'The Manager', 'The Intended', 'A'),
(277, 7, 'Who is the author of "Beloved"?', 'Toni Morrison', 'Alice Walker', 'Maya Angelou', 'Zora Neale Hurston', 'A'),
(278, 7, 'Which poet wrote "Leaves of Grass"?', 'Walt Whitman', 'Robert Frost', 'Emily Dickinson', 'Langston Hughes', 'A'),
(279, 7, 'Who wrote "Slaughterhouse-Five"?', 'Kurt Vonnegut', 'Joseph Heller', 'J.D. Salinger', 'Thomas Pynchon', 'A'),
(280, 7, 'What is the name of the main character in "A Portrait of the Artist as a Young Man"?', 'Stephen Dedalus', 'James Joyce', 'Leopold Bloom', 'Buck Mulligan', 'A');

-- Questions for Geography Midterm (exam_id = 8) - 40 Questions
INSERT INTO tblQuestions (question_id, exam_id, question_text, option_a, option_b, option_c, option_d, correct_option) VALUES
(281, 8, 'What is the capital of France?', 'London', 'Paris', 'Rome', 'Berlin', 'B'),
(282, 8, 'Which river is the longest in the world?', 'Amazon', 'Nile', 'Yangtze', 'Mississippi', 'B'),
(283, 8, 'What is the largest desert in the world?', 'Sahara', 'Antarctic', 'Arctic', 'Gobi', 'B'),
(284, 8, 'Which country is known as the "Land of the Rising Sun"?', 'China', 'Japan', 'South Korea', 'Vietnam', 'B'),
(285, 8, 'What is the highest mountain in the world?', 'K2', 'Kangchenjunga', 'Mount Everest', 'Lhotse', 'C'),
(286, 8, 'Which continent is the largest in terms of land area?', 'Asia', 'Africa', 'North America', 'Europe', 'A'),
(287, 8, 'What is the smallest country in the world?', 'Monaco', 'Vatican City', 'Nauru', 'Tuvalu', 'B'),
(288, 8, 'Which ocean is the largest and deepest?', 'Atlantic', 'Pacific', 'Indian', 'Arctic', 'B'),
(289, 8, 'What is the capital of Australia?', 'Sydney', 'Melbourne', 'Canberra', 'Perth', 'C'),
(290, 8, 'Which US state is known as the "Sunshine State"?', 'California', 'Florida', 'Hawaii', 'Arizona', 'B'),
(291, 8, 'What is the capital of Canada?', 'Toronto', 'Vancouver', 'Ottawa', 'Montreal', 'C'),
(292, 8, 'Which country is both an island and a continent?', 'Australia', 'Greenland', 'Madagascar', 'Iceland', 'A'),
(293, 8, 'What is the largest lake in Africa?', 'Lake Victoria', 'Lake Tanganyika', 'Lake Malawi', 'Lake Chad', 'A'),
(294, 8, 'Which mountain range separates Europe and Asia?', 'Ural Mountains', 'Himalayas', 'Alps', 'Andes', 'A'),
(295, 8, 'What is the capital of Brazil?', 'Rio de Janeiro', 'São Paulo', 'Brasília', 'Salvador', 'C'),
(296, 8, 'Which sea is located between Europe and Africa?', 'Mediterranean Sea', 'Black Sea', 'Red Sea', 'Caspian Sea', 'A'),
(297, 8, 'What is the longest river in Asia?', 'Yangtze', 'Yellow River', 'Mekong', 'Ganges', 'A'),
(298, 8, 'Which country is known as the "Land of a Thousand Lakes"?', 'Canada', 'Finland', 'Sweden', 'Russia', 'B'),
(299, 8, 'What is the capital of Spain?', 'Barcelona', 'Madrid', 'Seville', 'Valencia', 'B'),
(300, 8, 'Which desert is located in South America?', 'Sahara', 'Gobi', 'Atacama', 'Kalahari', 'C'),
(301, 8, 'What is the capital of Germany?', 'Munich', 'Hamburg', 'Berlin', 'Frankfurt', 'C'),
(302, 8, 'Which country is home to the Great Barrier Reef?', 'Australia', 'Indonesia', 'Philippines', 'Fiji', 'A'),
(303, 8, 'What is the capital of Italy?', 'Venice', 'Florence', 'Rome', 'Milan', 'C'),
(304, 8, 'Which US state is known as the "Golden State"?', 'California', 'Florida', 'Texas', 'New York', 'A'),
(305, 8, 'What is the capital of Russia?', 'Saint Petersburg', 'Moscow', 'Kazan', 'Novosibirsk', 'B'),
(306, 8, 'Which river flows through Egypt?', 'Nile', 'Amazon', 'Yangtze', 'Mississippi', 'A'),
(307, 8, 'What is the capital of China?', 'Shanghai', 'Beijing', 'Hong Kong', 'Guangzhou', 'B'),
(308, 8, 'Which country is home to Mount Kilimanjaro?', 'Kenya', 'Tanzania', 'Uganda', 'Rwanda', 'B'),
(309, 8, 'What is the capital of India?', 'Mumbai', 'New Delhi', 'Kolkata', 'Chennai', 'B'),
(310, 8, 'Which country is known as the "Land of Fire and Ice"?', 'Iceland', 'Greenland', 'Norway', 'Finland', 'A'),
(311, 8, 'What is the capital of South Africa?', 'Johannesburg', 'Cape Town', 'Pretoria', 'Durban', 'C'),
(312, 8, 'Which country is home to the Amazon rainforest?', 'Brazil', 'Peru', 'Colombia', 'Venezuela', 'A'),
(313, 8, 'What is the capital of Argentina?', 'Buenos Aires', 'Rio de Janeiro', 'Santiago', 'Lima', 'A'),
(314, 8, 'Which country is home to the Taj Mahal?', 'India', 'China', 'Thailand', 'Indonesia', 'A'),
(315, 8, 'What is the capital of the United Kingdom?', 'London', 'Manchester', 'Birmingham', 'Liverpool', 'A'),
(316, 8, 'Which sea is located east of the Korean Peninsula?', 'Sea of Japan (East Sea)', 'Yellow Sea', 'East China Sea', 'South China Sea', 'A'),
(317, 8, 'What is the capital of Mexico?', 'Cancun', 'Guadalajara', 'Mexico City', 'Monterrey', 'C'),
(318, 8, 'Which mountain range runs along the west coast of South America?', 'Andes', 'Himalayas', 'Alps', 'Rocky Mountains', 'A'),
(319, 8, 'What is the capital of Japan?', 'Osaka', 'Kyoto', 'Tokyo', 'Hiroshima', 'C'),
(320, 8, 'Which country is known as the "Emerald Isle"?', 'Ireland', 'Scotland', 'Wales', 'England', 'A');

-- Questions for Art History Final (exam_id = 10) - 40 Questions
INSERT INTO tblQuestions (question_id, exam_id, question_text, option_a, option_b, option_c, option_d, correct_option) VALUES
(361, 10, 'Who painted the Mona Lisa?', 'Vincent van Gogh', 'Leonardo da Vinci', 'Pablo Picasso', 'Michelangelo', 'B'),
(362, 10, 'Which art movement is characterized by its use of geometric shapes and abstract forms?', 'Cubism', 'Impressionism', 'Surrealism', 'Realism', 'A'),
(363, 10, 'Who sculpted the statue of David?', 'Michelangelo', 'Donatello', 'Leonardo da Vinci', 'Raphael', 'A'),
(364, 10, 'Which art movement is known for its emphasis on capturing the fleeting moment and the effects of light?', 'Impressionism', 'Cubism', 'Surrealism', 'Realism', 'A'),
(365, 10, 'Who painted "The Starry Night"?', 'Vincent van Gogh', 'Claude Monet', 'Pablo Picasso', 'Salvador Dalí', 'A'),
(366, 10, 'Which artist is known for his "drip" painting technique?', 'Jackson Pollock', 'Andy Warhol', 'Mark Rothko', 'Wassily Kandinsky', 'A'),
(367, 10, 'What is the period of European art that followed the Renaissance?', 'Baroque', 'Rococo', 'Neoclassical', 'Romantic', 'A'),
(368, 10, 'Who painted "Guernica"?', 'Pablo Picasso', 'Salvador Dalí', 'Joan Miró', 'Diego Rivera', 'A'),
(369, 10, 'Which art movement is characterized by its dreamlike and irrational imagery?', 'Surrealism', 'Impressionism', 'Cubism', 'Expressionism', 'A'),
(370, 10, 'Who is considered a pioneer of Pop Art?', 'Andy Warhol', 'Roy Lichtenstein', 'Claes Oldenburg', 'All of the above', 'D'),
(371, 10, 'What is the technique of creating an image by arranging small pieces of colored glass, stone, or other materials?', 'Mosaic', 'Fresco', 'Tempera', 'Oil painting', 'A'),
(372, 10, 'Which artist is known for his paintings of water lilies?', 'Claude Monet', 'Vincent van Gogh', 'Edgar Degas', 'Pierre-Auguste Renoir', 'A'),
(373, 10, 'What is the period of art that emphasized reason and order, and drew inspiration from classical antiquity?', 'Neoclassical', 'Romantic', 'Baroque', 'Rococo', 'A'),
(374, 10, 'Who painted "The Persistence of Memory"?', 'Salvador Dalí', 'Pablo Picasso', 'René Magritte', 'Max Ernst', 'A'),
(375, 10, 'Which art movement is known for its bold colors and emotional expression?', 'Expressionism', 'Impressionism', 'Cubism', 'Fauvism', 'D'),
(376, 10, 'What is the technique of painting on wet plaster?', 'Fresco', 'Tempera', 'Oil painting', 'Mosaic', 'A'),
(377, 10, 'Who sculpted "The Thinker"?', 'Auguste Rodin', 'Michelangelo', 'Donatello', 'Bernini', 'A'),
(378, 10, 'Which art movement focused on capturing everyday life and ordinary people?', 'Realism', 'Impressionism', 'Surrealism', 'Romanticism', 'A'),
(379, 10, 'Who painted "The Scream"?', 'Edvard Munch', 'Vincent van Gogh', 'Pablo Picasso', 'Gustav Klimt', 'A'),
(380, 10, 'Which artist is associated with the Dutch Golden Age and painted "The Girl with a Pearl Earring"?', 'Johannes Vermeer', 'Rembrandt van Rijn', 'Frans Hals', 'Jan Steen', 'A'),
(381, 10, 'What is the technique of using strong contrasts between light and dark to create dramatic effects?', 'Chiaroscuro', 'Sfumato', 'Tenebrism', 'Impasto', 'A'),
(382, 10, 'Who painted "The Last Supper"?', 'Leonardo da Vinci', 'Michelangelo', 'Raphael', 'Titian', 'A'),
(383, 10, 'Which art movement sought to capture the subconscious mind and dreams?', 'Surrealism', 'Dadaism', 'Futurism', 'Expressionism', 'A'),
(384, 10, 'Who is known for his colorful and geometric abstract paintings?', 'Piet Mondrian', 'Wassily Kandinsky', 'Kazimir Malevich', 'Theo van Doesburg', 'A'),
(385, 10, 'What is the artistic style characterized by exaggerated motion and clear, easily interpreted detail to produce drama and grandeur?', 'Baroque', 'Rococo', 'Renaissance', 'Gothic', 'A'),
(386, 10, 'Who painted "American Gothic"?', 'Grant Wood', 'Edward Hopper', 'Georgia O Keeffe', 'Thomas Hart Benton', 'A'),
(387, 10, 'Which artist is known for his depictions of ballet dancers?', 'Edgar Degas', 'Claude Monet', 'Pierre-Auguste Renoir', 'Édouard Manet', 'A'),
(388, 10, 'What is the art of creating three-dimensional forms from materials such as stone, metal, or wood?', 'Sculpture', 'Painting', 'Drawing', 'Printmaking', 'A'),
(389, 10, 'Who is considered one of the founders of Cubism?', 'Pablo Picasso', 'Georges Braque', 'Both A and B', 'Juan Gris', 'C'),
(390, 10, 'Which period of art is known for its elaborate ornamentation and asymmetry?', 'Rococo', 'Baroque', 'Neoclassical', 'Gothic', 'A'),
(391, 10, 'Who created the iconic "Campbells Soup Cans" artwork?', 'Andy Warhol', 'Roy Lichtenstein', 'Jasper Johns', 'Robert Rauschenberg', 'A'),
(392, 10, 'What is the technique of applying paint thickly to create texture?', 'Impasto', 'Glazing', 'Drybrush', 'Sgraffito', 'A'),
(393, 10, 'Who is known for his large-scale floral paintings?', 'Georgia O Keeffe', 'Frida Kahlo', 'Mary Cassatt', 'Berthe Morisot', 'A'),
(394, 10, 'Which art movement rejected traditional artistic values and embraced chaos and irrationality?', 'Dadaism', 'Surrealism', 'Futurism', 'Constructivism', 'A'),
(395, 10, 'Who painted "The Night Watch"?', 'Rembrandt van Rijn', 'Johannes Vermeer', 'Frans Hals', 'Peter Paul Rubens', 'A'),
(396, 10, 'What is the term for a painting that depicts inanimate objects, such as fruit or flowers?', 'Still life', 'Landscape', 'Portrait', 'Abstract', 'A'),
(397, 10, 'Who is famous for his pointillist technique, using small dots of color to create an image?', 'Georges Seurat', 'Paul Signac', 'Camille Pissarro', 'Vincent van Gogh', 'A'),
(398, 10, 'Which artist is known for his surreal and dreamlike landscapes?', 'Salvador Dalí', 'René Magritte', 'Max Ernst', 'Giorgio de Chirico', 'A'),
(399, 10, 'What is a work of art made from multiple images or objects arranged together?', 'Collage', 'Assemblage', 'Installation', 'Mosaic', 'A'),
(400, 10, 'Who is credited with developing linear perspective in painting?', 'Filippo Brunelleschi', 'Leon Battista Alberti', 'Masaccio', 'Donatello', 'A');

